               epoch,      train/box_loss,      train/obj_loss,      train/cls_loss,   metrics/precision,      metrics/recall,     metrics/mAP_0.5,metrics/mAP_0.5:0.95,        val/box_loss,        val/obj_loss,        val/cls_loss,               x/lr0,               x/lr1,               x/lr2
                   0,             0.10278,            0.063189,               0.102,           0.0030208,             0.10643,           0.0033001,           0.0010442,            0.082801,            0.044359,            0.091295,            0.070811,           0.0032432,           0.0032432
                   1,            0.083394,            0.036842,            0.088087,             0.63745,            0.087672,            0.030235,           0.0086709,            0.092634,            0.030003,            0.078713,            0.040778,            0.006544,            0.006544
                   2,            0.084691,            0.027385,            0.079606,             0.90421,            0.085461,            0.057836,            0.016696,            0.076952,            0.035055,            0.071362,            0.010713,           0.0098118,           0.0098118
                   3,            0.074373,            0.025727,            0.073262,             0.93299,            0.086826,             0.08661,            0.030771,            0.069694,            0.034152,            0.068371,           0.0098515,           0.0098515,           0.0098515
                   4,             0.06738,            0.021774,            0.069844,             0.94616,             0.11134,             0.12461,            0.052863,            0.058613,            0.026667,            0.062847,           0.0098515,           0.0098515,           0.0098515
                   5,            0.057033,            0.021272,            0.064734,             0.93969,             0.11526,             0.11794,            0.067576,            0.057924,             0.02412,            0.060766,            0.009802,            0.009802,            0.009802
                   6,            0.054295,            0.019953,            0.061974,             0.95047,             0.10297,             0.10433,             0.03587,            0.052409,            0.022755,            0.058172,           0.0097525,           0.0097525,           0.0097525
                   7,            0.051008,            0.019265,            0.059621,             0.95918,             0.12053,             0.14188,             0.05968,            0.041731,            0.019972,            0.055467,            0.009703,            0.009703,            0.009703
                   8,            0.044569,            0.017594,             0.05881,             0.97251,             0.12336,             0.15981,            0.082597,            0.038425,            0.018482,            0.053439,           0.0096535,           0.0096535,           0.0096535
                   9,            0.042837,            0.016873,            0.054251,             0.96604,             0.12973,             0.17296,            0.085139,            0.040041,             0.01905,            0.051937,            0.009604,            0.009604,            0.009604
                  10,            0.043983,            0.016821,            0.054075,             0.95597,             0.14504,              0.1972,             0.13282,            0.037308,            0.017785,            0.050672,           0.0095545,           0.0095545,           0.0095545
                  11,            0.042552,            0.017003,            0.052422,             0.95317,             0.15378,             0.21829,             0.11896,            0.042648,             0.01797,            0.049516,            0.009505,            0.009505,            0.009505
                  12,            0.041297,            0.016542,            0.050752,             0.97069,             0.14866,             0.23539,             0.11644,            0.037419,             0.01745,            0.047635,           0.0094555,           0.0094555,           0.0094555
                  13,            0.040142,            0.016442,            0.049273,             0.84149,             0.19854,             0.25514,             0.16547,            0.030502,            0.017323,            0.046165,            0.009406,            0.009406,            0.009406
                  14,            0.037591,            0.015425,            0.047975,             0.80018,             0.20751,             0.26015,              0.1302,            0.040658,            0.017742,            0.045078,           0.0093565,           0.0093565,           0.0093565
                  15,            0.040772,            0.015387,            0.046677,             0.93153,             0.18559,             0.27381,             0.16593,            0.033422,            0.017182,            0.043623,            0.009307,            0.009307,            0.009307
                  16,            0.037284,            0.015465,            0.044568,             0.87724,             0.20164,             0.29069,             0.18178,            0.034019,            0.016957,            0.042534,           0.0092575,           0.0092575,           0.0092575
                  17,            0.035615,            0.014673,            0.043864,             0.81478,                0.23,             0.30155,             0.18642,            0.032371,            0.016687,             0.04161,            0.009208,            0.009208,            0.009208
                  18,            0.034863,            0.014642,            0.042861,             0.80606,             0.27153,             0.33016,             0.20831,            0.030849,            0.016445,            0.040644,           0.0091585,           0.0091585,           0.0091585
                  19,             0.03578,             0.01535,             0.04038,             0.89729,             0.24695,             0.33322,             0.21171,            0.030764,            0.017385,            0.039525,            0.009109,            0.009109,            0.009109
                  20,            0.036283,            0.014255,            0.038708,              0.8823,             0.27016,             0.34639,             0.18832,            0.035435,            0.017221,            0.038731,           0.0090595,           0.0090595,           0.0090595
                  21,            0.037262,            0.014473,            0.038396,             0.79683,             0.32705,             0.36286,              0.2215,            0.030445,            0.016625,            0.037939,             0.00901,             0.00901,             0.00901
                  22,            0.033492,            0.014334,            0.036919,             0.78606,             0.36126,               0.385,             0.23401,            0.031056,            0.016597,            0.036677,           0.0089605,           0.0089605,           0.0089605
                  23,            0.035285,            0.014476,            0.036074,              0.8532,             0.34202,             0.39694,             0.24387,             0.03236,            0.016805,            0.035341,            0.008911,            0.008911,            0.008911
                  24,            0.037041,             0.01441,            0.033794,             0.82639,             0.35755,             0.39115,             0.21553,            0.033283,            0.016479,             0.03458,           0.0088615,           0.0088615,           0.0088615
                  25,            0.032051,            0.013768,            0.035124,             0.80312,             0.35278,             0.38265,             0.23624,            0.030197,            0.016257,             0.03337,            0.008812,            0.008812,            0.008812
                  26,            0.032987,            0.013001,            0.032577,              0.8808,             0.32429,             0.40722,             0.25677,            0.028093,            0.016783,            0.032414,           0.0087625,           0.0087625,           0.0087625
                  27,            0.032895,            0.013791,             0.03227,             0.83815,             0.34452,             0.39001,             0.23789,            0.030466,            0.016361,            0.031542,            0.008713,            0.008713,            0.008713
                  28,              0.0342,            0.014179,            0.031998,             0.83521,             0.34974,             0.40481,             0.24659,            0.030695,            0.016599,            0.031653,           0.0086635,           0.0086635,           0.0086635
                  29,            0.033846,             0.01347,            0.030459,             0.85403,             0.38683,             0.41527,             0.27739,            0.028057,             0.01657,            0.030755,            0.008614,            0.008614,            0.008614
                  30,            0.033616,            0.013639,            0.030169,             0.80017,             0.39369,              0.4453,             0.28263,            0.030082,            0.016786,            0.030212,           0.0085645,           0.0085645,           0.0085645
                  31,             0.03415,            0.013533,            0.029403,             0.79183,             0.40984,             0.43267,             0.26199,            0.028889,            0.016662,             0.02931,            0.008515,            0.008515,            0.008515
                  32,            0.031503,            0.013032,             0.02802,             0.85345,             0.36563,             0.40801,             0.26038,            0.028537,            0.017118,            0.029373,           0.0084655,           0.0084655,           0.0084655
                  33,            0.031777,            0.013574,            0.028131,             0.83006,             0.40276,              0.4191,              0.2738,            0.026824,            0.016512,            0.028139,            0.008416,            0.008416,            0.008416
                  34,            0.032485,            0.013493,            0.026794,             0.86745,             0.40507,             0.44207,             0.25631,            0.030736,            0.017179,            0.027736,           0.0083665,           0.0083665,           0.0083665
                  35,            0.032037,            0.012859,            0.026276,             0.86604,             0.41121,             0.45424,             0.30534,            0.027255,            0.017077,            0.027046,            0.008317,            0.008317,            0.008317
                  36,             0.03024,            0.013039,            0.025341,             0.78344,             0.44289,             0.45447,             0.30408,            0.028406,            0.017603,            0.026915,           0.0082675,           0.0082675,           0.0082675
                  37,            0.029259,            0.011943,            0.023925,              0.7608,             0.48135,             0.47048,             0.30462,            0.027637,             0.01658,            0.025898,            0.008218,            0.008218,            0.008218
                  38,            0.029306,             0.01296,            0.024724,             0.80502,             0.45286,             0.50716,             0.29836,              0.0297,             0.01795,            0.025742,           0.0081685,           0.0081685,           0.0081685
                  39,            0.032885,             0.01314,            0.023795,             0.86509,              0.4366,             0.50341,             0.31816,            0.029419,            0.018187,            0.025561,            0.008119,            0.008119,            0.008119
                  40,             0.03119,            0.012464,             0.02429,             0.84745,             0.44232,             0.46407,             0.30965,            0.027984,            0.018186,            0.025575,           0.0080695,           0.0080695,           0.0080695
                  41,            0.030016,            0.012992,            0.024132,             0.86208,             0.45081,             0.46702,             0.28352,            0.028166,            0.017297,            0.025191,             0.00802,             0.00802,             0.00802
                  42,              0.0292,            0.013207,             0.02324,             0.83808,             0.47022,             0.48301,             0.30839,             0.02636,            0.016362,            0.025111,           0.0079705,           0.0079705,           0.0079705
                  43,            0.030941,            0.012698,            0.023167,             0.88361,             0.43879,             0.51965,             0.31461,            0.029714,            0.016543,            0.024564,            0.007921,            0.007921,            0.007921
                  44,            0.029311,            0.013055,            0.022267,             0.88645,              0.4312,             0.52868,             0.33656,            0.028392,               0.017,            0.024166,           0.0078715,           0.0078715,           0.0078715
                  45,            0.029335,            0.012404,            0.023026,             0.89204,             0.44388,             0.53684,             0.35339,            0.027641,            0.016914,            0.023872,            0.007822,            0.007822,            0.007822
                  46,            0.029727,            0.012429,            0.022559,             0.90582,             0.45226,             0.54885,             0.34485,            0.027265,            0.016116,            0.023209,           0.0077725,           0.0077725,           0.0077725
                  47,            0.028744,            0.012351,            0.020851,             0.90438,             0.46361,             0.54741,             0.35387,            0.029824,            0.017366,            0.023086,            0.007723,            0.007723,            0.007723
                  48,            0.027731,            0.012186,            0.020265,             0.86224,             0.47467,             0.54118,             0.33247,            0.030287,            0.017639,            0.022661,           0.0076735,           0.0076735,           0.0076735
                  49,            0.028704,            0.012491,            0.020806,             0.86898,             0.44735,             0.54227,             0.34502,            0.027546,            0.018033,            0.022497,            0.007624,            0.007624,            0.007624
                  50,            0.029487,            0.012454,            0.020449,             0.86585,              0.4685,             0.51393,             0.33125,            0.027205,            0.017464,            0.022781,           0.0075745,           0.0075745,           0.0075745
                  51,            0.029781,            0.012559,            0.020082,             0.88233,             0.47406,             0.54345,              0.3462,            0.026934,            0.017024,            0.021419,            0.007525,            0.007525,            0.007525
                  52,            0.026766,            0.011754,            0.019623,             0.89214,             0.48901,             0.56566,             0.37209,            0.026979,            0.016079,            0.020794,           0.0074755,           0.0074755,           0.0074755
                  53,            0.028838,            0.012532,            0.018848,             0.91066,             0.49911,             0.58665,             0.38248,            0.027732,            0.016337,            0.020778,            0.007426,            0.007426,            0.007426
                  54,            0.029453,            0.012051,            0.018644,             0.90397,             0.50149,             0.56432,             0.34502,            0.027506,            0.017304,            0.020291,           0.0073765,           0.0073765,           0.0073765
                  55,            0.027406,            0.011939,            0.018476,             0.91916,             0.47007,              0.5533,              0.3682,            0.027665,            0.017403,            0.020167,            0.007327,            0.007327,            0.007327
                  56,            0.027426,            0.012024,            0.018508,             0.91327,             0.49448,             0.56376,             0.37609,             0.02582,            0.016063,            0.019845,           0.0072775,           0.0072775,           0.0072775
                  57,            0.028252,            0.011554,            0.017896,             0.90898,             0.49256,             0.56349,             0.35232,            0.026901,            0.017028,            0.020157,            0.007228,            0.007228,            0.007228
                  58,            0.029972,            0.012495,             0.01745,             0.93993,               0.495,             0.58194,             0.36803,            0.027457,            0.016612,             0.01975,           0.0071785,           0.0071785,           0.0071785
                  59,             0.02855,            0.012077,            0.017327,             0.91959,              0.4626,             0.56061,             0.36108,            0.025816,            0.016619,            0.019899,            0.007129,            0.007129,            0.007129
                  60,            0.027267,            0.011835,            0.016285,             0.92647,             0.49072,             0.57301,             0.34285,            0.029961,            0.017049,            0.019207,           0.0070795,           0.0070795,           0.0070795
                  61,            0.026772,            0.011931,            0.016252,             0.91952,             0.50049,             0.57627,             0.36108,            0.027562,            0.016983,            0.018395,             0.00703,             0.00703,             0.00703
                  62,            0.028065,            0.011511,            0.016551,             0.94373,             0.48176,             0.57713,             0.36403,             0.02832,             0.01793,            0.017897,           0.0069805,           0.0069805,           0.0069805
                  63,            0.028928,            0.012698,            0.016559,             0.90939,             0.49276,             0.58464,             0.38151,            0.027705,            0.016743,            0.018805,            0.006931,            0.006931,            0.006931
                  64,            0.027007,            0.011512,            0.015552,             0.89963,             0.50347,             0.60507,             0.40394,            0.025831,            0.016605,            0.018116,           0.0068815,           0.0068815,           0.0068815
                  65,            0.026791,             0.01178,            0.014687,             0.86186,             0.53619,             0.60853,             0.38712,            0.027294,            0.016963,            0.018474,            0.006832,            0.006832,            0.006832
                  66,            0.028857,            0.012334,            0.014832,             0.86116,             0.54441,             0.62375,             0.39214,            0.026943,            0.017456,            0.017576,           0.0067825,           0.0067825,           0.0067825
                  67,            0.027355,            0.011906,            0.015217,             0.91242,             0.48742,             0.59658,             0.39655,            0.027891,            0.017599,            0.017814,            0.006733,            0.006733,            0.006733
                  68,             0.02694,            0.011682,            0.014813,             0.92707,             0.48725,             0.60211,             0.37973,            0.027473,            0.017013,             0.01736,           0.0066835,           0.0066835,           0.0066835
                  69,            0.026299,            0.010937,            0.014251,             0.91824,             0.49755,             0.60343,             0.36071,            0.028181,            0.017434,            0.016926,            0.006634,            0.006634,            0.006634
                  70,            0.027216,            0.011533,            0.014155,             0.91867,             0.49283,             0.61449,             0.40657,            0.026873,            0.016932,            0.016827,           0.0065845,           0.0065845,           0.0065845
                  71,            0.026793,            0.011247,            0.014981,             0.74155,             0.57957,             0.61733,             0.39773,            0.026572,            0.016952,            0.017203,            0.006535,            0.006535,            0.006535
                  72,             0.02554,            0.011037,            0.014293,             0.92924,             0.49208,             0.62865,             0.42156,            0.026292,            0.017032,            0.016465,           0.0064855,           0.0064855,           0.0064855
                  73,            0.026202,            0.011549,            0.013765,             0.92414,             0.49025,             0.63137,             0.41622,            0.026265,            0.016933,             0.01634,            0.006436,            0.006436,            0.006436
                  74,            0.025571,            0.011262,            0.013121,             0.72713,             0.60923,             0.63325,             0.42902,             0.02646,            0.017211,            0.017166,           0.0063865,           0.0063865,           0.0063865
                  75,            0.026616,            0.010996,            0.012824,             0.77562,             0.59511,             0.63632,             0.43285,            0.027412,            0.017347,            0.017071,            0.006337,            0.006337,            0.006337
                  76,             0.02463,            0.011515,            0.014127,             0.75742,              0.5887,             0.64617,             0.42949,            0.025761,            0.017829,            0.016666,           0.0062875,           0.0062875,           0.0062875
                  77,            0.024589,            0.010824,            0.013005,             0.74118,             0.65193,             0.65469,             0.43453,            0.026333,            0.017354,            0.016189,            0.006238,            0.006238,            0.006238
                  78,            0.027156,             0.01062,            0.013654,             0.77218,             0.61194,             0.63357,             0.41528,            0.028081,            0.017085,            0.016248,           0.0061885,           0.0061885,           0.0061885
                  79,            0.026426,            0.011535,            0.013342,             0.80336,             0.61997,             0.64672,             0.44504,            0.025987,            0.016774,            0.016886,            0.006139,            0.006139,            0.006139
                  80,            0.025886,            0.011473,            0.012523,             0.80453,             0.58936,             0.65984,             0.43741,            0.026916,            0.016906,            0.016031,           0.0060895,           0.0060895,           0.0060895
                  81,            0.024621,            0.011385,            0.012764,             0.75085,             0.62166,              0.6459,             0.43154,            0.027221,            0.017458,            0.015831,             0.00604,             0.00604,             0.00604
                  82,            0.025988,            0.011056,            0.011988,             0.81545,             0.61156,             0.65256,             0.44207,            0.026792,            0.017585,            0.015547,           0.0059905,           0.0059905,           0.0059905
                  83,            0.026436,            0.010935,            0.012535,             0.78905,             0.60459,             0.64637,             0.42405,            0.028056,            0.017757,            0.015945,            0.005941,            0.005941,            0.005941
                  84,            0.024221,            0.010705,            0.012422,              0.7665,             0.62099,             0.64188,             0.44139,            0.026779,            0.017552,            0.015553,           0.0058915,           0.0058915,           0.0058915
                  85,            0.025734,            0.011784,            0.011776,             0.73305,              0.6501,             0.64915,             0.41632,            0.027794,            0.017415,            0.015528,            0.005842,            0.005842,            0.005842
                  86,            0.025912,            0.011087,              0.0121,             0.78524,             0.61193,             0.62545,             0.42315,            0.026673,            0.018713,            0.015945,           0.0057925,           0.0057925,           0.0057925
                  87,            0.024101,            0.010835,            0.011419,             0.77341,             0.60051,             0.62214,             0.40986,            0.026199,            0.018352,            0.016183,            0.005743,            0.005743,            0.005743
                  88,            0.024896,            0.010708,            0.011319,             0.83214,             0.58943,             0.62533,             0.43076,            0.027592,            0.018356,            0.016673,           0.0056935,           0.0056935,           0.0056935
                  89,            0.024244,            0.011489,            0.011816,             0.83463,             0.64165,             0.64754,             0.43843,            0.025979,            0.017851,            0.015217,            0.005644,            0.005644,            0.005644
                  90,            0.023803,            0.010792,            0.011349,             0.84171,             0.62323,             0.64885,             0.42398,             0.02762,            0.017725,            0.015065,           0.0055945,           0.0055945,           0.0055945
                  91,            0.024846,            0.011087,            0.011243,              0.8052,             0.64042,             0.65618,             0.43595,            0.026625,             0.01773,            0.014838,            0.005545,            0.005545,            0.005545
                  92,            0.023695,            0.010784,            0.010398,             0.78231,             0.66928,             0.65649,             0.43945,            0.026103,            0.017376,            0.015174,           0.0054955,           0.0054955,           0.0054955
                  93,            0.025033,            0.011133,            0.010951,             0.72946,             0.66229,             0.66954,             0.44484,            0.026661,            0.017119,            0.015278,            0.005446,            0.005446,            0.005446
                  94,            0.025729,            0.010687,            0.011298,             0.77624,             0.63145,             0.68085,             0.44856,             0.02709,            0.017448,             0.01496,           0.0053965,           0.0053965,           0.0053965
                  95,             0.02343,            0.011172,            0.010639,             0.79931,             0.61502,             0.66079,             0.45805,            0.025386,            0.018815,            0.014735,            0.005347,            0.005347,            0.005347
                  96,            0.024013,            0.010138,            0.011089,             0.85308,             0.57244,              0.6496,             0.43717,            0.026436,            0.017977,            0.014473,           0.0052975,           0.0052975,           0.0052975
                  97,            0.023593,            0.010413,            0.010531,             0.82943,             0.56565,             0.62947,             0.41362,            0.026302,            0.017482,            0.016133,            0.005248,            0.005248,            0.005248
                  98,            0.023705,             0.01042,            0.011186,             0.80345,              0.6186,             0.67498,             0.46117,            0.025532,            0.016961,            0.014653,           0.0051985,           0.0051985,           0.0051985
                  99,            0.023788,            0.010885,             0.01035,             0.90863,             0.51633,             0.64257,             0.42069,            0.026925,            0.017836,            0.016097,            0.005149,            0.005149,            0.005149
                 100,            0.022786,            0.010025,            0.010384,             0.87827,             0.57351,             0.65313,             0.45274,            0.025687,            0.017527,            0.014998,           0.0050995,           0.0050995,           0.0050995
                 101,             0.02138,           0.0098384,            0.010244,             0.87257,             0.57552,             0.64579,             0.43622,            0.025935,            0.017644,            0.014938,             0.00505,             0.00505,             0.00505
                 102,            0.023702,            0.010642,            0.009983,             0.83239,             0.63092,             0.64891,             0.42288,             0.02723,            0.017701,            0.013961,           0.0050005,           0.0050005,           0.0050005
                 103,            0.024956,            0.010798,            0.011104,              0.8279,             0.65835,             0.66499,             0.44424,            0.025398,            0.016725,            0.014051,            0.004951,            0.004951,            0.004951
                 104,            0.023096,            0.010334,           0.0099378,             0.87792,              0.6423,             0.67377,             0.45133,            0.026338,            0.017213,            0.014101,           0.0049015,           0.0049015,           0.0049015
                 105,            0.024032,            0.010739,           0.0095585,             0.87154,             0.62729,             0.65426,             0.43357,            0.026518,            0.017548,            0.014422,            0.004852,            0.004852,            0.004852
                 106,             0.02352,            0.010212,           0.0099799,             0.89654,             0.60489,             0.66059,             0.44883,            0.025536,            0.017953,            0.014338,           0.0048025,           0.0048025,           0.0048025
                 107,            0.022975,            0.010181,            0.009641,             0.85285,             0.62351,             0.66085,             0.45675,            0.026088,            0.017856,            0.014682,            0.004753,            0.004753,            0.004753
                 108,            0.021936,            0.010069,            0.009368,             0.84872,             0.63351,             0.67096,             0.45085,            0.025504,             0.01775,            0.014641,           0.0047035,           0.0047035,           0.0047035
                 109,            0.021786,           0.0099179,           0.0098509,             0.87807,             0.61489,              0.6654,             0.45253,            0.026293,            0.018843,            0.014987,            0.004654,            0.004654,            0.004654
                 110,            0.023039,           0.0097103,           0.0097772,             0.73102,             0.64266,             0.66634,             0.42377,            0.026339,            0.017793,            0.015163,           0.0046045,           0.0046045,           0.0046045
                 111,            0.022207,            0.010306,           0.0095079,             0.85915,             0.61685,             0.64241,             0.44654,             0.02552,            0.017887,            0.015001,            0.004555,            0.004555,            0.004555
                 112,            0.020067,           0.0098877,           0.0094129,             0.85336,             0.60464,             0.67676,             0.45791,            0.025513,            0.018152,            0.014072,           0.0045055,           0.0045055,           0.0045055
                 113,            0.021535,           0.0099799,            0.009342,             0.85898,             0.60972,              0.6783,             0.46577,            0.025166,            0.017726,            0.014055,            0.004456,            0.004456,            0.004456
                 114,            0.023316,            0.010128,           0.0092734,             0.84545,             0.65492,             0.68691,             0.45624,            0.026026,            0.017599,             0.01417,           0.0044065,           0.0044065,           0.0044065
                 115,            0.022659,            0.010434,           0.0091457,             0.77152,             0.66591,              0.7006,             0.47971,              0.0251,            0.017648,            0.014147,            0.004357,            0.004357,            0.004357
                 116,            0.021968,            0.010151,            0.008983,             0.85002,              0.6553,             0.69474,             0.47351,            0.025795,            0.017536,            0.013682,           0.0043075,           0.0043075,           0.0043075
                 117,            0.020109,           0.0093968,           0.0085568,             0.72908,             0.65372,              0.6777,             0.45436,            0.025588,            0.017774,            0.014197,            0.004258,            0.004258,            0.004258
                 118,            0.022478,            0.010475,           0.0090647,             0.84753,             0.66621,             0.69756,             0.47603,            0.025463,             0.01777,            0.013852,           0.0042085,           0.0042085,           0.0042085
                 119,            0.022195,           0.0097815,           0.0087939,             0.83814,             0.65412,             0.70691,             0.47844,            0.025243,            0.017088,            0.013253,            0.004159,            0.004159,            0.004159
                 120,             0.01991,            0.010132,           0.0094384,             0.71338,             0.70288,             0.71874,             0.46869,            0.026164,            0.017329,            0.013177,           0.0041095,           0.0041095,           0.0041095
                 121,            0.021784,           0.0098827,           0.0084635,             0.87887,             0.66043,             0.70478,             0.46771,            0.026364,            0.017936,             0.01318,             0.00406,             0.00406,             0.00406
                 122,            0.021848,           0.0097039,           0.0083579,             0.87592,             0.63343,               0.678,             0.47594,            0.025234,            0.017406,            0.013941,           0.0040105,           0.0040105,           0.0040105
                 123,            0.021136,           0.0098341,           0.0087435,              0.8776,             0.59868,             0.67567,             0.45573,             0.02584,            0.017378,            0.013901,            0.003961,            0.003961,            0.003961
                 124,            0.019271,           0.0089802,           0.0085995,             0.87136,             0.59975,             0.67845,             0.46433,            0.025378,            0.017598,            0.013421,           0.0039115,           0.0039115,           0.0039115
                 125,            0.020587,           0.0093968,           0.0081845,             0.87953,              0.5862,             0.67513,             0.47021,              0.0256,            0.018195,            0.013601,            0.003862,            0.003862,            0.003862
                 126,            0.022059,            0.009619,           0.0082277,             0.85513,             0.59868,             0.67741,             0.46655,            0.026237,            0.018195,            0.014088,           0.0038125,           0.0038125,           0.0038125
                 127,            0.021053,           0.0097311,           0.0083142,             0.87431,             0.61015,             0.66327,             0.44902,            0.025587,            0.018112,            0.014246,            0.003763,            0.003763,            0.003763
                 128,            0.019362,           0.0091946,           0.0079663,             0.86909,             0.61893,             0.67396,              0.4562,            0.025868,            0.017951,            0.013931,           0.0037135,           0.0037135,           0.0037135
                 129,             0.02003,           0.0092708,           0.0086234,             0.85833,             0.63632,             0.67848,             0.45256,            0.026361,            0.017847,             0.01335,            0.003664,            0.003664,            0.003664
                 130,            0.020044,           0.0097618,           0.0083392,              0.8646,             0.61576,             0.68287,             0.47089,            0.025461,             0.01783,            0.013526,           0.0036145,           0.0036145,           0.0036145
                 131,            0.019529,           0.0094263,            0.007445,             0.87562,             0.59342,             0.67636,             0.45627,            0.025475,            0.018026,            0.013426,            0.003565,            0.003565,            0.003565
                 132,            0.018675,            0.009444,            0.008303,             0.83276,             0.61808,              0.6799,             0.46377,            0.025169,            0.017901,            0.013524,           0.0035155,           0.0035155,           0.0035155
                 133,            0.019787,           0.0094563,           0.0081117,             0.83198,             0.61043,             0.67746,             0.47044,            0.025429,            0.017942,            0.013478,            0.003466,            0.003466,            0.003466
                 134,            0.019765,           0.0093444,           0.0081795,             0.86159,             0.58721,             0.68567,              0.4763,            0.024871,            0.017811,            0.013493,           0.0034165,           0.0034165,           0.0034165
                 135,            0.020763,           0.0095779,           0.0074063,             0.81415,             0.62537,             0.68162,             0.46157,            0.025467,             0.01726,            0.014148,            0.003367,            0.003367,            0.003367
                 136,            0.019543,           0.0096504,           0.0075954,             0.83341,             0.61075,             0.66929,             0.45579,            0.025355,            0.017242,            0.014106,           0.0033175,           0.0033175,           0.0033175
                 137,            0.019524,           0.0091836,           0.0081423,             0.86915,             0.59274,             0.67024,              0.4743,            0.024899,            0.017286,            0.014045,            0.003268,            0.003268,            0.003268
                 138,            0.019475,           0.0092004,           0.0082065,             0.88708,             0.58723,             0.68158,               0.462,            0.025991,            0.017526,             0.01435,           0.0032185,           0.0032185,           0.0032185
                 139,             0.01807,           0.0086036,           0.0079885,             0.82163,             0.61441,             0.67385,             0.46949,            0.024972,            0.017507,            0.014202,            0.003169,            0.003169,            0.003169
                 140,            0.017864,           0.0087928,           0.0072852,             0.86383,             0.58609,             0.66742,             0.45557,             0.02507,             0.01799,            0.014232,           0.0031195,           0.0031195,           0.0031195
                 141,            0.018797,           0.0090792,           0.0081105,             0.86605,              0.5751,             0.65756,             0.45317,            0.025215,            0.018333,            0.015914,             0.00307,             0.00307,             0.00307
                 142,            0.019887,           0.0090115,           0.0078797,              0.8807,              0.6137,             0.67907,             0.47639,            0.025061,            0.018102,             0.01305,           0.0030205,           0.0030205,           0.0030205
                 143,            0.018958,           0.0089184,           0.0076573,             0.71066,             0.67512,             0.68134,             0.44417,            0.025988,            0.018252,            0.012983,            0.002971,            0.002971,            0.002971
                 144,            0.017828,           0.0089824,           0.0070453,             0.82021,             0.62432,             0.68038,             0.46729,            0.024579,            0.017879,            0.013208,           0.0029215,           0.0029215,           0.0029215
                 145,            0.018617,           0.0096842,           0.0071536,             0.86197,             0.60404,             0.68409,             0.47066,            0.024679,            0.018007,            0.013163,            0.002872,            0.002872,            0.002872
                 146,            0.018446,           0.0086848,            0.007566,             0.87466,             0.58885,             0.67136,             0.45188,            0.025435,            0.018516,             0.01373,           0.0028225,           0.0028225,           0.0028225
                 147,             0.01853,           0.0090471,           0.0069548,             0.84672,             0.61927,             0.67496,              0.4661,            0.025038,            0.017575,            0.014032,            0.002773,            0.002773,            0.002773
                 148,            0.017885,           0.0090949,           0.0068061,             0.87275,             0.59842,             0.67782,             0.44712,            0.025245,            0.017322,            0.013503,           0.0027235,           0.0027235,           0.0027235
                 149,            0.017146,            0.008611,            0.006917,             0.88867,             0.59789,             0.67154,              0.4543,            0.025341,            0.017969,            0.013238,            0.002674,            0.002674,            0.002674
                 150,            0.018526,           0.0088241,           0.0074566,             0.70104,             0.65319,             0.67612,              0.4677,            0.025092,            0.018186,            0.013042,           0.0026245,           0.0026245,           0.0026245
                 151,            0.018834,           0.0091308,           0.0067613,             0.68582,              0.6701,             0.67255,             0.45402,            0.025456,            0.018407,            0.013475,            0.002575,            0.002575,            0.002575
                 152,            0.016579,           0.0085644,           0.0071381,             0.68495,             0.66102,             0.67017,             0.46881,            0.024848,            0.018417,            0.013107,           0.0025255,           0.0025255,           0.0025255
                 153,            0.017104,           0.0083387,           0.0066379,             0.86585,             0.58399,             0.66652,             0.44574,            0.025667,            0.018701,            0.013078,            0.002476,            0.002476,            0.002476
                 154,              0.0184,           0.0086514,           0.0071937,               0.867,             0.58646,             0.66225,             0.45053,            0.025307,            0.018346,            0.013346,           0.0024265,           0.0024265,           0.0024265
                 155,            0.016822,           0.0086332,            0.006856,             0.85743,             0.58697,             0.65737,             0.44228,            0.025868,            0.018491,            0.013489,            0.002377,            0.002377,            0.002377
                 156,            0.016386,           0.0083168,           0.0068133,              0.8413,             0.61893,             0.67735,             0.46033,            0.025679,            0.018267,            0.013546,           0.0023275,           0.0023275,           0.0023275
                 157,            0.016439,           0.0083293,           0.0066058,             0.85785,              0.6054,             0.66699,             0.46491,            0.024968,            0.018488,            0.013387,            0.002278,            0.002278,            0.002278
                 158,            0.016848,           0.0081174,           0.0066206,             0.86527,             0.59971,             0.66857,             0.45865,            0.025513,            0.018691,            0.013234,           0.0022285,           0.0022285,           0.0022285
                 159,            0.016188,           0.0081084,           0.0065135,             0.88214,             0.59323,             0.67122,             0.47082,             0.02489,            0.018721,             0.01328,            0.002179,            0.002179,            0.002179
                 160,            0.016423,           0.0085076,           0.0063422,             0.88701,             0.59099,              0.6727,             0.45688,            0.025644,            0.019066,            0.013129,           0.0021295,           0.0021295,           0.0021295
                 161,            0.015962,           0.0082743,           0.0065169,             0.88304,             0.59572,             0.67638,              0.4608,            0.025355,            0.018798,            0.013176,             0.00208,             0.00208,             0.00208
                 162,            0.016444,           0.0083923,           0.0065626,             0.85992,             0.59996,             0.67655,             0.45186,            0.025332,            0.018742,            0.013153,           0.0020305,           0.0020305,           0.0020305
                 163,            0.016171,             0.00829,           0.0062152,             0.85512,             0.61312,             0.67075,             0.45431,            0.025329,            0.018494,             0.01323,            0.001981,            0.001981,            0.001981
                 164,            0.015513,           0.0082829,           0.0067096,             0.86628,             0.59891,             0.67173,             0.46686,            0.024879,            0.018897,            0.013185,           0.0019315,           0.0019315,           0.0019315
                 165,            0.015744,           0.0081618,           0.0060238,             0.87503,             0.59739,             0.67088,             0.46075,            0.024942,            0.019021,            0.013315,            0.001882,            0.001882,            0.001882
                 166,            0.016421,           0.0084276,           0.0060626,             0.87514,             0.60099,             0.67733,             0.45461,            0.025232,            0.018999,            0.013668,           0.0018325,           0.0018325,           0.0018325
                 167,            0.016003,           0.0082767,           0.0062879,             0.86869,             0.59255,             0.66732,              0.4589,            0.025119,            0.019139,            0.013774,            0.001783,            0.001783,            0.001783
                 168,            0.015557,           0.0083008,            0.005991,             0.87552,             0.60521,             0.68255,              0.4635,            0.025245,            0.018892,            0.013131,           0.0017335,           0.0017335,           0.0017335
                 169,            0.014749,           0.0079824,           0.0058152,              0.8724,             0.59314,             0.65307,             0.45313,            0.025118,            0.018967,            0.013329,            0.001684,            0.001684,            0.001684
                 170,            0.015694,           0.0082529,           0.0062022,             0.86551,             0.58061,             0.65439,             0.45619,             0.02504,            0.018993,            0.013778,           0.0016345,           0.0016345,           0.0016345
                 171,            0.015774,           0.0081291,           0.0056085,              0.8165,              0.6239,             0.67547,             0.45546,            0.025179,            0.019073,            0.013383,            0.001585,            0.001585,            0.001585
                 172,            0.014845,           0.0077736,           0.0058317,             0.87401,             0.59701,             0.67524,             0.45498,            0.025259,            0.018928,            0.013518,           0.0015355,           0.0015355,           0.0015355
                 173,            0.014462,           0.0077433,           0.0057037,              0.8514,             0.62066,             0.67757,             0.45789,            0.025004,            0.018801,            0.013039,            0.001486,            0.001486,            0.001486
                 174,            0.014263,             0.00776,           0.0060486,             0.84647,             0.61638,             0.67727,             0.46026,            0.025143,            0.019306,            0.013106,           0.0014365,           0.0014365,           0.0014365
                 175,            0.014429,           0.0078712,           0.0058197,              0.8493,             0.61524,             0.68321,             0.46378,            0.025167,            0.019533,            0.013039,            0.001387,            0.001387,            0.001387
                 176,            0.013867,           0.0079203,           0.0056915,             0.84787,             0.61483,             0.68239,             0.47145,            0.024997,             0.01954,            0.012779,           0.0013375,           0.0013375,           0.0013375
                 177,            0.014462,           0.0078143,           0.0052818,             0.83578,             0.62216,             0.68271,             0.46671,            0.025046,            0.019554,            0.012697,            0.001288,            0.001288,            0.001288
                 178,             0.01416,           0.0078537,           0.0058495,             0.84104,             0.62399,              0.6789,             0.46423,            0.025055,            0.019339,            0.012638,           0.0012385,           0.0012385,           0.0012385
                 179,            0.014441,           0.0078069,           0.0050434,             0.82249,             0.61475,             0.67423,             0.45669,            0.025216,            0.019336,            0.012789,            0.001189,            0.001189,            0.001189
                 180,            0.014624,           0.0080093,           0.0062063,             0.84629,              0.6062,             0.68251,              0.4632,            0.025004,            0.019189,            0.012634,           0.0011395,           0.0011395,           0.0011395
                 181,            0.013554,           0.0076215,           0.0054328,             0.84532,             0.62003,             0.68388,             0.47134,            0.024718,            0.019184,            0.012645,             0.00109,             0.00109,             0.00109
                 182,            0.013517,           0.0076296,            0.005072,             0.88215,             0.60299,             0.69001,             0.47689,            0.024834,            0.019459,            0.012794,           0.0010405,           0.0010405,           0.0010405
                 183,             0.01353,           0.0075449,           0.0056298,             0.86928,             0.59252,             0.68845,             0.47289,             0.02494,            0.019494,            0.012626,            0.000991,            0.000991,            0.000991
                 184,            0.013274,           0.0071997,           0.0050177,             0.83312,              0.6231,             0.65927,              0.4607,            0.025025,            0.019336,            0.012457,           0.0009415,           0.0009415,           0.0009415
                 185,            0.013608,           0.0073241,           0.0053118,             0.83186,              0.6219,             0.69378,             0.47344,            0.025132,            0.019434,            0.012538,            0.000892,            0.000892,            0.000892
                 186,            0.013704,           0.0073117,           0.0054658,             0.83569,             0.61977,             0.68615,             0.46552,            0.025117,            0.019789,            0.012717,           0.0008425,           0.0008425,           0.0008425
                 187,            0.013061,           0.0071683,           0.0048486,             0.83438,             0.61756,             0.66066,             0.46601,            0.024775,            0.019509,            0.012992,            0.000793,            0.000793,            0.000793
                 188,            0.013023,           0.0077765,           0.0052365,             0.83978,             0.61656,             0.65836,             0.46305,            0.024953,            0.019445,              0.0131,           0.0007435,           0.0007435,           0.0007435
                 189,            0.012764,           0.0072521,            0.004731,             0.86725,              0.5971,             0.66269,             0.46263,            0.024905,            0.019747,            0.013283,            0.000694,            0.000694,            0.000694
                 190,            0.012963,           0.0074689,             0.00468,             0.82626,              0.6171,             0.65893,             0.46126,            0.024881,            0.019915,            0.013185,           0.0006445,           0.0006445,           0.0006445
                 191,            0.012571,           0.0071822,           0.0049805,             0.83608,             0.61705,             0.65041,             0.46264,            0.024945,             0.01979,            0.013131,            0.000595,            0.000595,            0.000595
                 192,            0.012805,           0.0076926,           0.0051371,             0.84462,             0.61621,             0.65007,             0.45567,            0.024854,            0.019557,            0.013139,           0.0005455,           0.0005455,           0.0005455
                 193,            0.012391,           0.0074162,           0.0051036,             0.84782,             0.61894,             0.64904,             0.45539,            0.024813,             0.01953,            0.013187,            0.000496,            0.000496,            0.000496
                 194,            0.012766,           0.0075385,           0.0047115,             0.85109,             0.61949,             0.64882,             0.45539,            0.024954,            0.019505,            0.013174,           0.0004465,           0.0004465,           0.0004465
                 195,            0.012504,           0.0073653,           0.0048682,             0.83897,             0.61993,             0.64742,             0.45638,            0.024971,            0.019622,             0.01315,            0.000397,            0.000397,            0.000397
                 196,            0.012039,           0.0073335,           0.0048153,             0.84032,             0.61982,             0.64319,             0.45177,            0.024823,             0.01957,            0.013131,           0.0003475,           0.0003475,           0.0003475
                 197,            0.012782,           0.0074082,           0.0049105,             0.84033,             0.62182,             0.64696,             0.45828,            0.024821,            0.019501,             0.01313,            0.000298,            0.000298,            0.000298
                 198,             0.01235,            0.007475,           0.0051255,              0.8404,             0.62237,             0.65927,             0.45646,            0.024833,            0.019479,            0.013085,           0.0002485,           0.0002485,           0.0002485
                 199,             0.01211,           0.0069533,           0.0047678,             0.84058,             0.62138,             0.65907,             0.45635,            0.024826,              0.0195,             0.01308,            0.000199,            0.000199,            0.000199
